-- INSERT NAME FOR DATABASE
-- CREATED BY: Mark Brown (mb899115)
-- 31/3/2018

CREATE TABLE DEPARTMENTS (DSection VARCHAR(20) UNIQUE, DEPARTMENTID NUMBER PRIMARY KEY);
INSERT INTO DEPARTMENTS VALUES ('Part Time', 1);
INSERT INTO DEPARTMENTS VALUES ('Park Maintance', 2);
INSERT INTO DEPARTMENTS VALUES ('Park Patrol', 3);
INSERT INTO DEPARTMENTS VALUES ('Tracker', 4);
INSERT INTO DEPARTMENTS VALUES ('Identifier', 5);

INSERT INTO DEPARTMENTS VALUES ('Vet', 6);
INSERT INTO DEPARTMENTS VALUES ('Front Office', 7);
INSERT INTO DEPARTMENTS VALUES ('Specialist', 8);
INSERT INTO DEPARTMENTS VALUES ('VP', 9);
INSERT INTO DEPARTMENTS VALUES ('CEO', 10);

CREATE TABLE EMPLOYEES (EID NUMBER PRIMARY KEY, NAME VARCHAR(20), SALARY NUMBER, ADDRESS VARCHAR(20), DPID NUMBER, FOREIGN KEY (DPID) REFERENCES DEPARTMENTS(DEPARTMENTID) on delete cascade);
INSERT INTO EMPLOYEES VALUES (115151, 'Jason Scott', 45000, '323 Amber DR',2);
INSERT INTO EMPLOYEES VALUES (111111, 'Amanda James', 25000, '1 Stars Lane', 3);
INSERT INTO EMPLOYEES VALUES (102021, 'Thomas Scott', 52000, '323 Amber DR', 4);
INSERT INTO EMPLOYEES VALUES (564585, 'Tim Jewel', 47000, '301 Amber DR', 4);
INSERT INTO EMPLOYEES VALUES (222454, 'Ridley Jones', 55000, '1151 Skip RD Apt.C02', 5);

INSERT INTO EMPLOYEES VALUES (245451, 'Jerry Jones', 44000, '67 Long DR.', 5);
INSERT INTO EMPLOYEES VALUES (115541, 'Mel Ambers', 50000, '55 Stars Lane', 4);
INSERT INTO EMPLOYEES VALUES (989875, 'Jessica Tips', 37000, '332 Goss RD.', 7);
INSERT INTO EMPLOYEES VALUES (999554, 'Rick Dickson', 17000, '5 Skip RD Apt.F11', 1);
INSERT INTO EMPLOYEES VALUES (100003, 'Marrie Jones', 89000, '404 NotFound DR.', 6);

INSERT INTO EMPLOYEES VALUES (564875, 'Angel Calfy', 56000, 'Florida Highway', 7);
INSERT INTO EMPLOYEES VALUES (254789, 'Carl Carlson', 65000, '77 Amber DR.', 7);
INSERT INTO EMPLOYEES VALUES (671985, 'Jim McTio', 52000, '542 Stars Lane', 6);
INSERT INTO EMPLOYEES VALUES (100002, 'Lori Brown', 112000, '2788 Bruce RD. 20', 9);
INSERT INTO EMPLOYEES VALUES (100000, 'Linda Bosch', 254000, '34 Red Barn Rd.', 10);

INSERT INTO EMPLOYEES VALUES (874457, 'Zhen Cheng', 45000, '1151 Skip RD Apt.C22', 2);
INSERT INTO EMPLOYEES VALUES (900012, 'Liu Chang', 40000, '11 Skip Rd. Apt.G12', 2);
INSERT INTO EMPLOYEES VALUES (568575, 'James Ambers', 59000, '55 Stars Lane', 3);
INSERT INTO EMPLOYEES VALUES (900057, 'Thomas Brady', 61000, '5SB HOF Lane', 6);
INSERT INTO EMPLOYEES VALUES (555555, 'Shaina Meadows', 90000, '134 Long DR.', 8);

CREATE TABLE ANIMAL (SPECIES VARCHAR(30), MIGRATION VARCHAR(20), POPULATION VARCHAR(15), HABITAT VARCHAR(20), EMPID NUMBER, TAG NUMBER PRIMARY KEY, FOREIGN KEY (EMPID) REFERENCES EMPLOYEES(EID) on delete cascade);
INSERT INTO ANIMAL VALUES ('Small Mouse', 'Year Round', '+500000', 'Varied', 555555, 123);
INSERT INTO ANIMAL VALUES ('Red Fox', 'Seasonal', '>50000', 'Wooded', 555555, 112);
INSERT INTO ANIMAL VALUES ('Gray Squirrel', 'Year Round', '+500000', 'Wooded', 102021, 102);
INSERT INTO ANIMAL VALUES ('Canadian Goose', 'Seasonal', '+10000', 'Aqua/Field', 555555, 202);
INSERT INTO ANIMAL VALUES ('Small Coyote', 'Year Round', '>50000', 'Varied', 564585, 545);

INSERT INTO ANIMAL VALUES ('Medium Coyote', 'Year Round', '>50000', 'Varied', 555555, 100);
INSERT INTO ANIMAL VALUES ('Tiber Wolf', 'Year Round', '<1000', 'Wooded', 555555, 133);
INSERT INTO ANIMAL VALUES ('Field Mouse', 'Seasonal', '+500000', 'Field', 555555, 323);
INSERT INTO ANIMAL VALUES ('White Tail Deer', 'Year Round', '+10000', 'Wooded', 555555, 333);
INSERT INTO ANIMAL VALUES ('Baby Moose', 'Year Round', '+10000', 'Wooded', 564585, 753);

INSERT INTO ANIMAL VALUES ('Black Squirrel', 'Year Round', '+500000', 'Wooded', 102021, 357);
INSERT INTO ANIMAL VALUES ('Red Fox', 'Seasonal', '>50000', 'Wooded', 555555, 654);
INSERT INTO ANIMAL VALUES ('Canadian Goose', 'Seasonal', '+10000', 'Aqua/Field', 102021, 564);
INSERT INTO ANIMAL VALUES ('Woodchuck', 'Year Round', '+10000', 'Wooded', 555555, 959);
INSERT INTO ANIMAL VALUES ('Beaver', 'Year Round', '<1000', 'Aqua', 564585, 147);

INSERT INTO ANIMAL VALUES ('Blue Jay', 'Seasonal', '+500000', 'Wooded', 555555, 157);
INSERT INTO ANIMAL VALUES ('Tiber Wolf', 'Year Round', '<1000', 'Wooded', 564585, 167);
INSERT INTO ANIMAL VALUES ('Brown Bear', 'Year Round', '<100', 'Varied', 555555, 168);
INSERT INTO ANIMAL VALUES ('Gray Squirrel', 'Year Round', '+500000', 'Wooded', 555555, 158);
INSERT INTO ANIMAL VALUES ('Medium Coyote', 'Year Round', '>50000', 'Wooded', 564585, 148);

INSERT INTO ANIMAL VALUES ('Moose', 'Year Round', '+10000', 'Wooded', 555555, 248);
INSERT INTO ANIMAL VALUES ('Field Mouse', 'Seasonal', '+500000', 'Field', 564585, 267);
INSERT INTO ANIMAL VALUES ('Horned Owl', 'Year Round', '<1000', 'Wooded/Field', 555555, 258);
INSERT INTO ANIMAL VALUES ('Lynx', 'Year Round', '<1000', 'Mountain/Wooded', 564585, 369);
INSERT INTO ANIMAL VALUES ('Red Fox', 'Year Round', '>50000', 'Wooded', 115541, 963);

INSERT INTO ANIMAL VALUES ('Black Squirrel', 'Year Round', '+500000', 'Wooded', 555555, 555);
INSERT INTO ANIMAL VALUES ('Woodchuck', 'Year Round', '+10000', 'Wooded', 102021, 854);
INSERT INTO ANIMAL VALUES ('White Tail Deer', 'Year Round', '+10000', 'Wooded', 115541, 888);
INSERT INTO ANIMAL VALUES ('Small Coyote', 'Year Round', '>50000', 'Wooded', 115541, 955);
INSERT INTO ANIMAL VALUES ('Black Squirrel', 'Year Round', '+500000', 'Wooded', 115541, 404);

CREATE TABLE PHONES (PHONE_NUM VARCHAR(15) PRIMARY KEY, EMPID NUMBER, FOREIGN KEY (EMPID) REFERENCES EMPLOYEES (EID) on delete cascade);
INSERT INTO PHONES VALUES ('502-369-9568', 115151);
INSERT INTO PHONES VALUES ('502-565-6875', 111111);
INSERT INTO PHONES VALUES ('502-564-9587', 102021);
INSERT INTO PHONES VALUES ('552-555-6868', 564585);
INSERT INTO PHONES VALUES ('502-784-9958', 222454);

INSERT INTO PHONES VALUES ('969-654-8585', 245451);
INSERT INTO PHONES VALUES ('668-022-3542', 115541);
INSERT INTO PHONES VALUES ('502-626-6262', 989875);
INSERT INTO PHONES VALUES ('552-587-7857', 999554);
INSERT INTO PHONES VALUES ('502-657-8585', 100003);

INSERT INTO PHONES VALUES ('668-265-6575', 564875);
INSERT INTO PHONES VALUES ('502-354-5524', 254789);
INSERT INTO PHONES VALUES ('502-457-5748', 671985);
INSERT INTO PHONES VALUES ('519-322-0322', 100002);
INSERT INTO PHONES VALUES ('207-368-7770', 100000);

INSERT INTO PHONES VALUES ('502-457-8595', 874457);
INSERT INTO PHONES VALUES ('668-675-8845', 900012);
INSERT INTO PHONES VALUES ('502-646-8596', 568575);
INSERT INTO PHONES VALUES ('502-658-5125', 900057);
INSERT INTO PHONES VALUES ('740-755-5265', 555555);

CREATE TABLE DUTIES (DUTYID NUMBER PRIMARY KEY, TASK VARCHAR(30), EMPID NUMBER, FOREIGN KEY (EMPID) REFERENCES EMPLOYEES (EID) on delete cascade);
INSERT INTO DUTIES VALUES (1445, 'Print Fliers', 254789);
INSERT INTO DUTIES VALUES (5546, 'Clean Desks', 254789);
INSERT INTO DUTIES VALUES (6656, 'Tiddy Up', 999554);
INSERT INTO DUTIES VALUES (8588, 'Clean Bathroom', 999554);
INSERT INTO DUTIES VALUES (9959, 'Clean Toilets', 999554);

INSERT INTO DUTIES VALUES (7578, 'Clean Car', 874457);
INSERT INTO DUTIES VALUES (8858, 'Throwout Trash', 115151);
INSERT INTO DUTIES VALUES (9999, 'Recycle', 999554);
INSERT INTO DUTIES VALUES (1111, 'Input Data', 564875);
INSERT INTO DUTIES VALUES (6569, 'Email CEO', 254789);

INSERT INTO DUTIES VALUES (6568, 'Answer Phone', 254789);
INSERT INTO DUTIES VALUES (5555, 'Do Laundry', 999554);
INSERT INTO DUTIES VALUES (3333, 'Clean Car', 900012);
INSERT INTO DUTIES VALUES (2222, 'Print Fliers', 989875);
INSERT INTO DUTIES VALUES (2232, 'Answer Phone', 564875);

INSERT INTO DUTIES VALUES (2212, 'Clean Stalls', 999554);
INSERT INTO DUTIES VALUES (4454, 'Administer Pills', 900012);
INSERT INTO DUTIES VALUES (4441, 'Give Tour Guide', 989875);
INSERT INTO DUTIES VALUES (4001, 'Input Data', 989875);
INSERT INTO DUTIES VALUES (6601, 'Maintain Database', 989875);